,filename,question,answer,conf
0,4253_Payslip_Dec2019.pdf,What is EARNED BASIC PAY?,"66,532.00",0.9997691512107849
1,4253_Payslip_Dec2019.pdf,What is EARNED HRA?,"26,613.00",0.9998050928115845
2,4253_Payslip_Dec2019.pdf,What is EARNED SPECIAL ALLOWANCE?,"37,694.00",0.9996920228004456
3,4253_Payslip_Dec2019.pdf,What is EARNED C&C ALLOWANCE?,484.00,0.9998137950897217
4,4253_Payslip_Dec2019.pdf,What is INCENTIVE?,"1,800.00",0.06478962302207947
5,4253_Payslip_Dec2019.pdf,What is PROVIDENT FUND?,"1,800.00",0.9988631010055542
6,4253_Payslip_Dec2019.pdf,What is INCOME TAX?,"15,947.00",0.9962807893753052
7,4253_Payslip_Dec2019.pdf,What is PROFESSION TAX?,200.00,0.9999200105667114
8,4253_Payslip_Dec2019.pdf,What is GROSS EARNINGS?,"131,323.00",0.9640337228775024
9,4253_Payslip_Dec2019.pdf,What is GROSS DEDUCTIONS?,"17,947.00",0.9958704113960266
10,4253_Payslip_Feb2020.pdf,What is EARNED BASIC PAY?,"68,750.00",0.985704779624939
11,4253_Payslip_Feb2020.pdf,What is EARNED HRA?,"27,500.00",0.997372031211853
12,4253_Payslip_Feb2020.pdf,What is EARNED SPECIAL ALLOWANCE?,"38,950.00",0.9973610639572144
13,4253_Payslip_Feb2020.pdf,What is EARNED C&C ALLOWANCE?,"27,500.00",0.6042606234550476
14,4253_Payslip_Feb2020.pdf,What is INCENTIVE?,"20,914.00",0.9863925576210022
15,4253_Payslip_Feb2020.pdf,What is PROVIDENT FUND?,"1,800.00",0.9993038773536682
16,4253_Payslip_Feb2020.pdf,What is INCOME TAX?,"60,566.00",0.999875545501709
17,4253_Payslip_Feb2020.pdf,What is PROFESSION TAX?,200.00,0.9852694869041443
18,4253_Payslip_Feb2020.pdf,What is GROSS EARNINGS?,"156,614.00",0.6946392059326172
19,4253_Payslip_Feb2020.pdf,What is GROSS DEDUCTIONS?,"62,566.00",0.9989717602729797
20,4253_Payslip_Jan2020.pdf,What is EARNED BASIC PAY?,"70,968.00",0.999900221824646
21,4253_Payslip_Jan2020.pdf,What is EARNED HRA?,"28,387.00",0.9996170997619629
22,4253_Payslip_Jan2020.pdf,What is EARNED SPECIAL ALLOWANCE?,"40,206.00",0.9980767965316772
23,4253_Payslip_Jan2020.pdf,What is EARNED C&C ALLOWANCE?,516.00,0.997767984867096
24,4253_Payslip_Jan2020.pdf,What is INCENTIVE?,for the Month of January 2020,0.022203324362635612
25,4253_Payslip_Jan2020.pdf,What is PROVIDENT FUND?,"1,800.00",0.6543646454811096
26,4253_Payslip_Jan2020.pdf,What is INCOME TAX?,"10,857.00",0.9948062896728516
27,4253_Payslip_Jan2020.pdf,What is PROFESSION TAX?,200.00,0.993547797203064
28,4253_Payslip_Jan2020.pdf,What is GROSS EARNINGS?,"135,700.00",0.6110391020774841
29,4253_Payslip_Jan2020.pdf,What is GROSS DEDUCTIONS?,"12,857.00",0.9984152317047119
30,4253_Payslip_Mar2020.pdf,What is EARNED BASIC PAY?,"68,750.00",0.6815412640571594
31,4253_Payslip_Mar2020.pdf,What is EARNED HRA?,"27,500.00",0.9910286068916321
32,4253_Payslip_Mar2020.pdf,What is EARNED SPECIAL ALLOWANCE?,"38,950.00",0.9988650679588318
33,4253_Payslip_Mar2020.pdf,What is EARNED C&C ALLOWANCE?,500.00,0.5367520451545715
34,4253_Payslip_Mar2020.pdf,What is INCENTIVE?,for the Month of March 2020,0.05327138304710388
35,4253_Payslip_Mar2020.pdf,What is PROVIDENT FUND?,"1,800.00",0.9990036487579346
36,4253_Payslip_Mar2020.pdf,What is INCOME TAX?,"60,566.00",0.9998807907104492
37,4253_Payslip_Mar2020.pdf,What is PROFESSION TAX?,200.00,0.9913501739501953
38,4253_Payslip_Mar2020.pdf,What is GROSS EARNINGS?,"135,700.00",0.9999072551727295
39,4253_Payslip_Mar2020.pdf,What is GROSS DEDUCTIONS?,"62,566.00",0.9991030693054199
40,4253_Payslip_Nov2019.pdf,What is EARNED BASIC PAY?,"68,750.00",0.994574248790741
41,4253_Payslip_Nov2019.pdf,What is EARNED HRA?,"27,500.00",0.995258092880249
42,4253_Payslip_Nov2019.pdf,What is EARNED SPECIAL ALLOWANCE?,"38,950.00",0.9770305752754211
43,4253_Payslip_Nov2019.pdf,What is EARNED C&C ALLOWANCE?,"27,500.00 27,500.00",0.5609381198883057
44,4253_Payslip_Nov2019.pdf,What is INCENTIVE?,"3,692.00",0.9990431666374207
45,4253_Payslip_Nov2019.pdf,What is PROVIDENT FUND?,"1,800.00",0.9996700882911682
46,4253_Payslip_Nov2019.pdf,What is INCOME TAX?,"16,175.00",0.9997335076332092
47,4253_Payslip_Nov2019.pdf,What is PROFESSION TAX?,200.00,0.9998891353607178
48,4253_Payslip_Nov2019.pdf,What is GROSS EARNINGS?,"139,392.00",0.9944301843643188
49,4253_Payslip_Nov2019.pdf,What is GROSS DEDUCTIONS?,"18,175.00",0.9922739863395691
50,4253_Payslip_Oct2019.pdf,What is EARNED BASIC PAY?,"103,125.00",0.9991004467010498
51,4253_Payslip_Oct2019.pdf,What is EARNED HRA?,"41,250.00",0.9998341798782349
52,4253_Payslip_Oct2019.pdf,What is EARNED SPECIAL ALLOWANCE?,"58,425.00",0.9995715022087097
53,4253_Payslip_Oct2019.pdf,What is EARNED C&C ALLOWANCE?,"68,750.00",0.7888447642326355
54,4253_Payslip_Oct2019.pdf,What is INCENTIVE?,"3,600.00",0.04064806550741196
55,4253_Payslip_Oct2019.pdf,What is PROVIDENT FUND?,"3,600.00",0.9972895979881287
56,4253_Payslip_Oct2019.pdf,What is INCOME TAX?,200.00,0.12829984724521637
57,4253_Payslip_Oct2019.pdf,What is PROFESSION TAX?,200.00,0.9959087371826172
58,4253_Payslip_Oct2019.pdf,What is GROSS EARNINGS?,"207,927.00",0.8629336953163147
59,4253_Payslip_Oct2019.pdf,What is GROSS DEDUCTIONS?,"3,800.00",0.9935539960861206
60,4253_Payslip_Apr2020.pdf,What is EARNED BASIC PAY?,"66,458.00",0.9996439814567566
61,4253_Payslip_Apr2020.pdf,What is EARNED HRA?,"26,583.00",0.9994333982467651
62,4253_Payslip_Apr2020.pdf,What is EARNED SPECIAL ALLOWANCE?,"37,652.00",0.9986718893051147
63,4253_Payslip_Apr2020.pdf,What is EARNED C&C ALLOWANCE?,483.00,0.9995494484901428
64,4253_Payslip_Apr2020.pdf,What is INCENTIVE?,for the Month of April 2020,0.05464426055550575
65,4253_Payslip_Apr2020.pdf,What is PROVIDENT FUND?,"1,800.00",0.9991627335548401
66,4253_Payslip_Apr2020.pdf,What is INCOME TAX?,"19,721.00",0.9880433082580566
67,4253_Payslip_Apr2020.pdf,What is PROFESSION TAX?,200.00,0.995993971824646
68,4253_Payslip_Apr2020.pdf,What is GROSS EARNINGS?,"135,700.00",0.9884476065635681
69,4253_Payslip_Apr2020.pdf,What is GROSS DEDUCTIONS?,"21,721.00",0.997718095779419
70,4253_Payslip_Aug2020.pdf,What is EARNED BASIC PAY?,"70,968.00",0.9990726709365845
71,4253_Payslip_Aug2020.pdf,What is EARNED HRA?,"28,387.00",0.9996628165245056
72,4253_Payslip_Aug2020.pdf,What is EARNED SPECIAL ALLOWANCE?,"40,206.00",0.9990154504776001
73,4253_Payslip_Aug2020.pdf,What is EARNED C&C ALLOWANCE?,516.00,0.997596800327301
74,4253_Payslip_Aug2020.pdf,What is INCENTIVE?,"26,297.00",0.9996646046638489
75,4253_Payslip_Aug2020.pdf,What is PROVIDENT FUND?,"1,800.00",0.9965336918830872
76,4253_Payslip_Aug2020.pdf,What is INCOME TAX?,"24,292.00",0.9988980889320374
77,4253_Payslip_Aug2020.pdf,What is PROFESSION TAX?,200.00,0.999866247177124
78,4253_Payslip_Aug2020.pdf,What is GROSS EARNINGS?,"175,129.00",0.9911255836486816
79,4253_Payslip_Aug2020.pdf,What is GROSS DEDUCTIONS?,"24,292.00",0.7520006895065308
80,4253_Payslip_Dec2020.pdf,What is EARNED BASIC PAY?,"70,615.00",0.9991405606269836
81,4253_Payslip_Dec2020.pdf,What is EARNED HRA?,"28,246.00",0.9775176644325256
82,4253_Payslip_Dec2020.pdf,What is EARNED SPECIAL ALLOWANCE?,"40,068.00",0.9991398453712463
83,4253_Payslip_Dec2020.pdf,What is EARNED C&C ALLOWANCE?,500.00,0.9998399019241333
84,4253_Payslip_Dec2020.pdf,What is INCENTIVE?,"1,800.00",0.4197595715522766
85,4253_Payslip_Dec2020.pdf,What is PROVIDENT FUND?,"1,800.00",0.9996653199195862
86,4253_Payslip_Dec2020.pdf,What is INCOME TAX?,"28,581.00",0.9957088828086853
87,4253_Payslip_Dec2020.pdf,What is PROFESSION TAX?,200.00,0.9998489618301392
88,4253_Payslip_Dec2020.pdf,What is GROSS EARNINGS?,"139,429.00",0.9997991323471069
89,4253_Payslip_Dec2020.pdf,What is GROSS DEDUCTIONS?,"30,581.00",0.9991739392280579
90,4253_Payslip_Feb2021.pdf,What is EARNED BASIC PAY?,"72,893.00",0.9972682595252991
91,4253_Payslip_Feb2021.pdf,What is EARNED HRA?,"29,157.00",0.9989055395126343
92,4253_Payslip_Feb2021.pdf,What is EARNED SPECIAL ALLOWANCE?,"41,361.00",0.9981279373168945
93,4253_Payslip_Feb2021.pdf,What is EARNED C&C ALLOWANCE?,516.00,0.996097981929779
94,4253_Payslip_Feb2021.pdf,What is INCENTIVE?,"25,596.00",0.9991579651832581
95,4253_Payslip_Feb2021.pdf,What is PROVIDENT FUND?,"1,800.00",0.9978193640708923
96,4253_Payslip_Feb2021.pdf,What is INCOME TAX?,"33,585.00",0.9657314419746399
97,4253_Payslip_Feb2021.pdf,What is PROFESSION TAX?,200.00,0.9999363422393799
98,4253_Payslip_Feb2021.pdf,What is GROSS EARNINGS?,"174,503.00",0.9993876814842224
99,4253_Payslip_Feb2021.pdf,What is GROSS DEDUCTIONS?,"35,585.00",0.9922498464584351
100,4253_Payslip_Jan2021.pdf,What is EARNED BASIC PAY?,"68,337.00",0.9992713928222656
101,4253_Payslip_Jan2021.pdf,What is EARNED HRA?,"27,335.00",0.9995704889297485
102,4253_Payslip_Jan2021.pdf,What is EARNED SPECIAL ALLOWANCE?,"38,775.00",0.997848629951477
103,4253_Payslip_Jan2021.pdf,What is EARNED C&C ALLOWANCE?,484.00,0.9997230172157288
104,4253_Payslip_Jan2021.pdf,What is INCENTIVE?,"1,800.00",0.11103720963001251
105,4253_Payslip_Jan2021.pdf,What is PROVIDENT FUND?,"1,800.00",0.9991961121559143
106,4253_Payslip_Jan2021.pdf,What is INCOME TAX?,"28,113.00",0.49346792697906494
107,4253_Payslip_Jan2021.pdf,What is PROFESSION TAX?,200.00,0.9999325275421143
108,4253_Payslip_Jan2021.pdf,What is GROSS EARNINGS?,"134,931.00",0.9452941417694092
109,4253_Payslip_Jan2021.pdf,What is GROSS DEDUCTIONS?,"28,113.00",0.6118914484977722
110,4253_Payslip_Jul2020.pdf,What is EARNED BASIC PAY?,"66,532.00",0.9997172951698303
111,4253_Payslip_Jul2020.pdf,What is EARNED HRA?,"26,613.00",0.9997961521148682
112,4253_Payslip_Jul2020.pdf,What is EARNED SPECIAL ALLOWANCE?,"37,694.00",0.9996556639671326
113,4253_Payslip_Jul2020.pdf,What is EARNED C&C ALLOWANCE?,484.00,0.9995377063751221
114,4253_Payslip_Jul2020.pdf,What is INCENTIVE?,"1,500.00",0.001232006005011499
115,4253_Payslip_Jul2020.pdf,What is PROVIDENT FUND?,"1,500.00",0.7608319520950317
116,4253_Payslip_Jul2020.pdf,What is INCOME TAX?,"22,745.00",0.9994416832923889
117,4253_Payslip_Jul2020.pdf,What is PROFESSION TAX?,200.00,0.9999439716339111
118,4253_Payslip_Jul2020.pdf,What is GROSS EARNINGS?,"156,000.00",0.99601149559021
119,4253_Payslip_Jul2020.pdf,What is GROSS DEDUCTIONS?,"24,445.00",0.9998295307159424
120,4253_Payslip_Jun2020.pdf,What is EARNED BASIC PAY?,"73,185.00",0.9916530251502991
121,4253_Payslip_Jun2020.pdf,What is EARNED HRA?,"29,274.00",0.9996485710144043
122,4253_Payslip_Jun2020.pdf,What is EARNED SPECIAL ALLOWANCE?,"41,463.00",0.9979296922683716
123,4253_Payslip_Jun2020.pdf,What is EARNED C&C ALLOWANCE?,532.00,0.9650092720985413
124,4253_Payslip_Jun2020.pdf,What is INCENTIVE?,"31,420.00",0.9981468319892883
125,4253_Payslip_Jun2020.pdf,What is PROVIDENT FUND?,"1,500.00",0.9900742769241333
126,4253_Payslip_Jun2020.pdf,What is INCOME TAX?,"22,049.00",0.9043300151824951
127,4253_Payslip_Jun2020.pdf,What is PROFESSION TAX?,200.00,0.9999394416809082
128,4253_Payslip_Jun2020.pdf,What is GROSS EARNINGS?,"185,221.00",0.9287435412406921
129,4253_Payslip_Jun2020.pdf,What is GROSS DEDUCTIONS?,"23,749.00",0.9936828017234802
130,4253_Payslip_Mar2021.pdf,What is EARNED BASIC PAY?,"70,615.00",0.9985265135765076
131,4253_Payslip_Mar2021.pdf,What is EARNED HRA?,"28,246.00",0.9818655252456665
132,4253_Payslip_Mar2021.pdf,What is EARNED SPECIAL ALLOWANCE?,"40,068.00",0.9990487098693848
133,4253_Payslip_Mar2021.pdf,What is EARNED C&C ALLOWANCE?,500.00,0.9996933341026306
134,4253_Payslip_Mar2021.pdf,What is INCENTIVE?,"1,800.00",0.22450648248195648
135,4253_Payslip_Mar2021.pdf,What is PROVIDENT FUND?,"1,800.00",0.999725341796875
136,4253_Payslip_Mar2021.pdf,What is INCOME TAX?,"33,585.00",0.9993472099304199
137,4253_Payslip_Mar2021.pdf,What is PROFESSION TAX?,200.00,0.9998871088027954
138,4253_Payslip_Mar2021.pdf,What is GROSS EARNINGS?,"139,429.00",0.9995296597480774
139,4253_Payslip_Mar2021.pdf,What is GROSS DEDUCTIONS?,"35,585.00",0.998332679271698
140,4253_Payslip_May2020.pdf,What is EARNED BASIC PAY?,"66,607.00",0.9994492530822754
141,4253_Payslip_May2020.pdf,What is EARNED HRA?,"26,643.00",0.9995905756950378
142,4253_Payslip_May2020.pdf,What is EARNED SPECIAL ALLOWANCE?,"37,735.00",0.9990127086639404
143,4253_Payslip_May2020.pdf,What is EARNED C&C ALLOWANCE?,485.00,0.9985324144363403
144,4253_Payslip_May2020.pdf,What is INCENTIVE?,"22,523.00",0.9911916851997375
145,4253_Payslip_May2020.pdf,What is PROVIDENT FUND?,"1,500.00",0.9703331589698792
146,4253_Payslip_May2020.pdf,What is INCOME TAX?,"20,491.00",0.9993922114372253
147,4253_Payslip_May2020.pdf,What is PROFESSION TAX?,200.00,0.9999207258224487
148,4253_Payslip_May2020.pdf,What is GROSS EARNINGS?,"163,029.00",0.938917875289917
149,4253_Payslip_May2020.pdf,What is GROSS DEDUCTIONS?,"22,191.00",0.9987868070602417
150,4253_Payslip_Nov2020.pdf,What is EARNED BASIC PAY?,"70,615.00",0.9979588389396667
151,4253_Payslip_Nov2020.pdf,What is EARNED HRA?,"28,246.00",0.42823266983032227
152,4253_Payslip_Nov2020.pdf,What is EARNED SPECIAL ALLOWANCE?,"40,068.00",0.998941957950592
153,4253_Payslip_Nov2020.pdf,What is EARNED C&C ALLOWANCE?,500.00,0.9997919201850891
154,4253_Payslip_Nov2020.pdf,What is INCENTIVE?,"30,188.00",0.9959723949432373
155,4253_Payslip_Nov2020.pdf,What is PROVIDENT FUND?,"1,800.00",0.9997859001159668
156,4253_Payslip_Nov2020.pdf,What is INCOME TAX?,"28,581.00",0.9931113719940186
157,4253_Payslip_Nov2020.pdf,What is PROFESSION TAX?,200.00,0.9998748302459717
158,4253_Payslip_Nov2020.pdf,What is GROSS EARNINGS?,"169,617.00",0.9979050159454346
159,4253_Payslip_Nov2020.pdf,What is GROSS DEDUCTIONS?,"30,581.00",0.7906914353370667
160,4253_Payslip_Oct2020.pdf,What is EARNED BASIC PAY?,"76,210.00",0.9987154603004456
161,4253_Payslip_Oct2020.pdf,What is EARNED HRA?,"30,484.00",0.999610185623169
162,4253_Payslip_Oct2020.pdf,What is EARNED SPECIAL ALLOWANCE?,"43,422.00",0.9991982579231262
163,4253_Payslip_Oct2020.pdf,What is EARNED C&C ALLOWANCE?,500.00,0.9992811679840088
164,4253_Payslip_Oct2020.pdf,What is INCENTIVE?,"1,800.00",0.09947466105222702
165,4253_Payslip_Oct2020.pdf,What is PROVIDENT FUND?,"1,800.00",0.9992005228996277
166,4253_Payslip_Oct2020.pdf,What is INCOME TAX?,"26,697.00",0.667816162109375
167,4253_Payslip_Oct2020.pdf,What is PROFESSION TAX?,200.00,0.9999233484268188
168,4253_Payslip_Oct2020.pdf,What is GROSS EARNINGS?,"159,611.00",0.9947235584259033
169,4253_Payslip_Oct2020.pdf,What is GROSS DEDUCTIONS?,"26,697.00",0.9860748052597046
170,4253_Payslip_Sep2020.pdf,What is EARNED BASIC PAY?,"68,750.00",0.9978485703468323
171,4253_Payslip_Sep2020.pdf,What is EARNED HRA?,"27,500.00",0.9979233145713806
172,4253_Payslip_Sep2020.pdf,What is EARNED SPECIAL ALLOWANCE?,"38,950.00",0.9859125018119812
173,4253_Payslip_Sep2020.pdf,What is EARNED C&C ALLOWANCE?,"27,500.00",0.6225650310516357
174,4253_Payslip_Sep2020.pdf,What is INCENTIVE?,"1,800.00",0.6056674122810364
175,4253_Payslip_Sep2020.pdf,What is PROVIDENT FUND?,"1,800.00",0.9997106790542603
176,4253_Payslip_Sep2020.pdf,What is INCOME TAX?,"24,292.00",0.9999351501464844
177,4253_Payslip_Sep2020.pdf,What is PROFESSION TAX?,200.00,0.9998584985733032
178,4253_Payslip_Sep2020.pdf,What is GROSS EARNINGS?,"135,700.00",0.9997808933258057
179,4253_Payslip_Sep2020.pdf,What is GROSS DEDUCTIONS?,"26,292.00",0.9582722783088684
180,4253_Payslip_Apr2021.pdf,What is EARNED BASIC PAY?,"70,615.00",0.9989784359931946
181,4253_Payslip_Apr2021.pdf,What is EARNED HRA?,"28,246.00",0.6855666637420654
182,4253_Payslip_Apr2021.pdf,What is EARNED SPECIAL ALLOWANCE?,"40,068.00",0.9979920983314514
183,4253_Payslip_Apr2021.pdf,What is EARNED C&C ALLOWANCE?,500.00,0.999830961227417
184,4253_Payslip_Apr2021.pdf,What is INCENTIVE?,"1,800.00",0.3558136820793152
185,4253_Payslip_Apr2021.pdf,What is PROVIDENT FUND?,"1,800.00",0.9997937679290771
186,4253_Payslip_Apr2021.pdf,What is INCOME TAX?,"13,756.00",0.9993077516555786
187,4253_Payslip_Apr2021.pdf,What is PROFESSION TAX?,200.00,0.999901533126831
188,4253_Payslip_Apr2021.pdf,What is GROSS EARNINGS?,"158,019.00",0.9982396960258484
189,4253_Payslip_Apr2021.pdf,What is GROSS DEDUCTIONS?,"15,756.00",0.9968698024749756
190,4253_Payslip_Aug2021.pdf,What is EARNED BASIC PAY?,"96,036.00",0.9940993785858154
191,4253_Payslip_Aug2021.pdf,What is EARNED HRA?,"38,414.00",0.930946946144104
192,4253_Payslip_Aug2021.pdf,What is EARNED SPECIAL ALLOWANCE?,"55,321.00",0.9998080730438232
193,4253_Payslip_Aug2021.pdf,What is EARNED C&C ALLOWANCE?,500.00,0.9998540878295898
194,4253_Payslip_Aug2021.pdf,What is INCENTIVE?,"59,262.00",0.9983530640602112
195,4253_Payslip_Aug2021.pdf,What is PROVIDENT FUND?,"1,800.00",0.999767005443573
196,4253_Payslip_Aug2021.pdf,What is INCOME TAX?,"34,402.00",0.9915362000465393
197,4253_Payslip_Aug2021.pdf,What is PROFESSION TAX?,200.00,0.9998962879180908
198,4253_Payslip_Aug2021.pdf,What is GROSS EARNINGS?,"249,533.00",0.9976589679718018
199,4253_Payslip_Aug2021.pdf,What is GROSS DEDUCTIONS?,"34,402.00",0.6528602838516235
200,4253_Payslip_Dec2021.pdf,What is EARNED BASIC PAY?,"96,036.00",0.9984802603721619
201,4253_Payslip_Dec2021.pdf,What is EARNED HRA?,"38,414.00",0.9847992062568665
202,4253_Payslip_Dec2021.pdf,What is EARNED SPECIAL ALLOWANCE?,"55,321.00",0.9996852278709412
203,4253_Payslip_Dec2021.pdf,What is EARNED C&C ALLOWANCE?,500.00,0.9996987581253052
204,4253_Payslip_Dec2021.pdf,What is INCENTIVE?,"1,800.00",0.04102491959929466
205,4253_Payslip_Dec2021.pdf,What is PROVIDENT FUND?,"1,800.00",0.9998461008071899
206,4253_Payslip_Dec2021.pdf,What is INCOME TAX?,"38,217.00",0.6321889162063599
207,4253_Payslip_Dec2021.pdf,What is PROFESSION TAX?,200.00,0.9999309778213501
208,4253_Payslip_Dec2021.pdf,What is GROSS EARNINGS?,"190,271.00",0.9997047781944275
209,4253_Payslip_Dec2021.pdf,What is GROSS DEDUCTIONS?,"40,217.00",0.9139785766601562
210,4253_Payslip_Feb2022.pdf,What is EARNED BASIC PAY?,"96,036.00",0.9933890104293823
211,4253_Payslip_Feb2022.pdf,What is EARNED HRA?,"38,414.00",0.9807667136192322
212,4253_Payslip_Feb2022.pdf,What is EARNED SPECIAL ALLOWANCE?,"55,321.00",0.9894047975540161
213,4253_Payslip_Feb2022.pdf,What is EARNED C&C ALLOWANCE?,500.00,0.9991632103919983
214,4253_Payslip_Feb2022.pdf,What is INCENTIVE?,"58,796.00",0.9983136653900146
215,4253_Payslip_Feb2022.pdf,What is PROVIDENT FUND?,"1,800.00",0.9989949464797974
216,4253_Payslip_Feb2022.pdf,What is INCOME TAX?,"42,189.00",0.9990990161895752
217,4253_Payslip_Feb2022.pdf,What is PROFESSION TAX?,200.00,0.9995203018188477
218,4253_Payslip_Feb2022.pdf,What is GROSS EARNINGS?,"249,067.00",0.8741945028305054
219,4253_Payslip_Feb2022.pdf,What is GROSS DEDUCTIONS?,"44,189.00",0.44758445024490356
220,4253_Payslip_Jan2022.pdf,What is EARNED BASIC PAY?,"96,036.00",0.998725414276123
221,4253_Payslip_Jan2022.pdf,What is EARNED HRA?,"38,414.00",0.9774279594421387
222,4253_Payslip_Jan2022.pdf,What is EARNED SPECIAL ALLOWANCE?,"55,321.00",0.9996903538703918
223,4253_Payslip_Jan2022.pdf,What is EARNED C&C ALLOWANCE?,500.00,0.9997142553329468
224,4253_Payslip_Jan2022.pdf,What is INCENTIVE?,"1,800.00",0.0319829024374485
225,4253_Payslip_Jan2022.pdf,What is PROVIDENT FUND?,"1,800.00",0.9998501539230347
226,4253_Payslip_Jan2022.pdf,What is INCOME TAX?,"33,017.00",0.9898577928543091
227,4253_Payslip_Jan2022.pdf,What is PROFESSION TAX?,200.00,0.9999276399612427
228,4253_Payslip_Jan2022.pdf,What is GROSS EARNINGS?,"190,271.00",0.9996735453605652
229,4253_Payslip_Jan2022.pdf,What is GROSS DEDUCTIONS?,"35,017.00",0.9314287304878235
230,4253_Payslip_Jul2021.pdf,What is EARNED BASIC PAY?,"96,036.00",0.9982838034629822
231,4253_Payslip_Jul2021.pdf,What is EARNED HRA?,"38,414.00",0.9563961029052734
232,4253_Payslip_Jul2021.pdf,What is EARNED SPECIAL ALLOWANCE?,"55,321.00",0.9996641278266907
233,4253_Payslip_Jul2021.pdf,What is EARNED C&C ALLOWANCE?,500.00,0.999808669090271
234,4253_Payslip_Jul2021.pdf,What is INCENTIVE?,"1,800.00",0.03529610484838486
235,4253_Payslip_Jul2021.pdf,What is PROVIDENT FUND?,"1,800.00",0.9997867345809937
236,4253_Payslip_Jul2021.pdf,What is INCOME TAX?,"32,091.00",0.9974435567855835
237,4253_Payslip_Jul2021.pdf,What is PROFESSION TAX?,200.00,0.9999336004257202
238,4253_Payslip_Jul2021.pdf,What is GROSS EARNINGS?,"190,271.00",0.9997069239616394
239,4253_Payslip_Jul2021.pdf,What is GROSS DEDUCTIONS?,"34,091.00",0.6840664148330688
240,4253_Payslip_Jun2021.pdf,What is EARNED BASIC PAY?,"146,878.00",0.9995186924934387
241,4253_Payslip_Jun2021.pdf,What is EARNED HRA?,"58,750.00",0.9994674324989319
242,4253_Payslip_Jun2021.pdf,What is EARNED SPECIAL ALLOWANCE?,"85,827.00",0.9996841549873352
243,4253_Payslip_Jun2021.pdf,What is EARNED C&C ALLOWANCE?,500.00,0.999657392501831
244,4253_Payslip_Jun2021.pdf,What is INCENTIVE?,"30,305.00",0.9789629578590393
245,4253_Payslip_Jun2021.pdf,What is PROVIDENT FUND?,"1,800.00",0.994660496711731
246,4253_Payslip_Jun2021.pdf,What is INCOME TAX?,"36,146.00",0.9776508212089539
247,4253_Payslip_Jun2021.pdf,What is PROFESSION TAX?,200.00,0.9998860359191895
248,4253_Payslip_Jun2021.pdf,What is GROSS EARNINGS?,"328,602.00",0.999374270439148
249,4253_Payslip_Jun2021.pdf,What is GROSS DEDUCTIONS?,"38,146.00",0.8973814249038696
250,4253_Payslip_Mar2022.pdf,What is EARNED BASIC PAY?,"96,036.00",0.999320387840271
251,4253_Payslip_Mar2022.pdf,What is EARNED HRA?,"38,414.00",0.9326962232589722
252,4253_Payslip_Mar2022.pdf,What is EARNED SPECIAL ALLOWANCE?,"55,321.00",0.9964365363121033
253,4253_Payslip_Mar2022.pdf,What is EARNED C&C ALLOWANCE?,500.00,0.9995647072792053
254,4253_Payslip_Mar2022.pdf,What is INCENTIVE?,"1,800.00",0.03823096305131912
255,4253_Payslip_Mar2022.pdf,What is PROVIDENT FUND?,"1,800.00",0.9982264041900635
256,4253_Payslip_Mar2022.pdf,What is INCOME TAX?,"42,189.00",0.996173620223999
257,4253_Payslip_Mar2022.pdf,What is PROFESSION TAX?,200.00,0.9996716976165771
258,4253_Payslip_Mar2022.pdf,What is GROSS EARNINGS?,"190,271.00",0.9991058707237244
259,4253_Payslip_Mar2022.pdf,What is GROSS DEDUCTIONS?,"44,189.00",0.997693657875061
260,4253_Payslip_May2021.pdf,What is EARNED BASIC PAY?,"70,615.00",0.9992415308952332
261,4253_Payslip_May2021.pdf,What is EARNED HRA?,"28,246.00",0.9803224802017212
262,4253_Payslip_May2021.pdf,What is EARNED SPECIAL ALLOWANCE?,"40,068.00",0.8356307148933411
263,4253_Payslip_May2021.pdf,What is EARNED C&C ALLOWANCE?,500.00,0.9998137950897217
264,4253_Payslip_May2021.pdf,What is INCENTIVE?,"30,934.00",0.9996483325958252
265,4253_Payslip_May2021.pdf,What is PROVIDENT FUND?,"1,800.00",0.9997454881668091
266,4253_Payslip_May2021.pdf,What is INCOME TAX?,"15,016.00",0.9996256828308105
267,4253_Payslip_May2021.pdf,What is PROFESSION TAX?,200.00,0.9998452663421631
268,4253_Payslip_May2021.pdf,What is GROSS EARNINGS?,"183,856.00",0.9981217384338379
269,4253_Payslip_May2021.pdf,What is GROSS DEDUCTIONS?,"17,016.00",0.9996536374092102
270,4253_Payslip_Nov2021.pdf,What is EARNED BASIC PAY?,"96,036.00",0.9960724711418152
271,4253_Payslip_Nov2021.pdf,What is EARNED HRA?,"38,414.00",0.9438968896865845
272,4253_Payslip_Nov2021.pdf,What is EARNED SPECIAL ALLOWANCE?,"55,321.00",0.9998006820678711
273,4253_Payslip_Nov2021.pdf,What is EARNED C&C ALLOWANCE?,500.00,0.9998893737792969
274,4253_Payslip_Nov2021.pdf,What is INCENTIVE?,"57,175.00",0.9969574809074402
275,4253_Payslip_Nov2021.pdf,What is PROVIDENT FUND?,"1,800.00",0.9997653961181641
276,4253_Payslip_Nov2021.pdf,What is INCOME TAX?,"38,217.00",0.9803739786148071
277,4253_Payslip_Nov2021.pdf,What is PROFESSION TAX?,200.00,0.9998781681060791
278,4253_Payslip_Nov2021.pdf,What is GROSS EARNINGS?,"247,446.00",0.9970287680625916
279,4253_Payslip_Nov2021.pdf,What is GROSS DEDUCTIONS?,"40,217.00",0.9863899350166321
280,4253_Payslip_Oct2021.pdf,What is EARNED BASIC PAY?,"112,042.00",0.9992517232894897
281,4253_Payslip_Oct2021.pdf,What is EARNED HRA?,"44,816.00",0.9992777109146118
282,4253_Payslip_Oct2021.pdf,What is EARNED SPECIAL ALLOWANCE?,"64,541.00",0.9996156692504883
283,4253_Payslip_Oct2021.pdf,What is EARNED C&C ALLOWANCE?,583.00,0.9996647238731384
284,4253_Payslip_Oct2021.pdf,What is INCENTIVE?,for the Month of October 2021,0.018558744341135025
285,4253_Payslip_Oct2021.pdf,What is PROVIDENT FUND?,"1,800.00",0.9958041310310364
286,4253_Payslip_Oct2021.pdf,What is INCOME TAX?,"34,649.00",0.5701350569725037
287,4253_Payslip_Oct2021.pdf,What is PROFESSION TAX?,200.00,0.9998825788497925
288,4253_Payslip_Oct2021.pdf,What is GROSS EARNINGS?,"221,982.00",0.9888615608215332
289,4253_Payslip_Oct2021.pdf,What is GROSS DEDUCTIONS?,"36,649.00",0.8915529847145081
290,4253_Payslip_Sep2021.pdf,What is EARNED BASIC PAY?,"80,030.00",0.9995684027671814
291,4253_Payslip_Sep2021.pdf,What is EARNED HRA?,"32,012.00",0.9995132088661194
292,4253_Payslip_Sep2021.pdf,What is EARNED SPECIAL ALLOWANCE?,"46,101.00",0.9998304843902588
293,4253_Payslip_Sep2021.pdf,What is EARNED C&C ALLOWANCE?,417.00,0.9779618382453918
294,4253_Payslip_Sep2021.pdf,What is INCENTIVE?,2021,0.0063531044870615005
295,4253_Payslip_Sep2021.pdf,What is PROVIDENT FUND?,"1,800.00",0.9991379380226135
296,4253_Payslip_Sep2021.pdf,What is INCOME TAX?,"32,917.00",0.9534251093864441
297,4253_Payslip_Sep2021.pdf,What is PROFESSION TAX?,200.00,0.9999014139175415
298,4253_Payslip_Sep2021.pdf,What is GROSS EARNINGS?,"158,560.00",0.9973540902137756
299,4253_Payslip_Sep2021.pdf,What is GROSS DEDUCTIONS?,"34,917.00",0.7463800311088562
300,4253_Payslip_Apr2022.pdf,What is EARNED BASIC PAY?,"96,036.00",0.9992520213127136
301,4253_Payslip_Apr2022.pdf,What is EARNED HRA?,"38,414.00",0.9625876545906067
302,4253_Payslip_Apr2022.pdf,What is EARNED SPECIAL ALLOWANCE?,"55,321.00",0.9873296618461609
303,4253_Payslip_Apr2022.pdf,What is EARNED C&C ALLOWANCE?,500.00,0.9995065331459045
304,4253_Payslip_Apr2022.pdf,What is INCENTIVE?,for the Month of APR 2022,0.024006929248571396
305,4253_Payslip_Apr2022.pdf,What is PROVIDENT FUND?,"1,800.00",0.9928175210952759
306,4253_Payslip_Apr2022.pdf,What is INCOME TAX?,"35,843.00",0.9945037364959717
307,4253_Payslip_Apr2022.pdf,What is PROFESSION TAX?,200.00,0.999539315700531
308,4253_Payslip_Apr2022.pdf,What is GROSS EARNINGS?,"190,271.00",0.9994112849235535
309,4253_Payslip_Apr2022.pdf,What is GROSS DEDUCTIONS?,"37,843.00",0.9968788623809814
310,4253_Payslip_Aug2022.pdf,What is EARNED BASIC PAY?,"130,368.00",0.9967268109321594
311,4253_Payslip_Aug2022.pdf,What is EARNED HRA?,"52,147.00",0.7489099502563477
312,4253_Payslip_Aug2022.pdf,What is EARNED SPECIAL ALLOWANCE?,"75,921.00",0.9992184042930603
313,4253_Payslip_Aug2022.pdf,What is EARNED C&C ALLOWANCE?,500.00,0.9996852278709412
314,4253_Payslip_Aug2022.pdf,What is INCENTIVE?,"83,627.00",0.9996636509895325
315,4253_Payslip_Aug2022.pdf,What is PROVIDENT FUND?,"1,800.00",0.9996890425682068
316,4253_Payslip_Aug2022.pdf,What is INCOME TAX?,"68,570.00",0.9818181395530701
317,4253_Payslip_Aug2022.pdf,What is PROFESSION TAX?,200.00,0.999874472618103
318,4253_Payslip_Aug2022.pdf,What is GROSS EARNINGS?,"342,563.00",0.9993115663528442
319,4253_Payslip_Aug2022.pdf,What is GROSS DEDUCTIONS?,"68,570.00",0.863090455532074
320,4253_Payslip_Dec2022.pdf,What is EARNED BASIC PAY?,"130,368.00",0.988516628742218
321,4253_Payslip_Dec2022.pdf,What is EARNED HRA?,"52,147.00",0.9969888925552368
322,4253_Payslip_Dec2022.pdf,What is EARNED SPECIAL ALLOWANCE?,"75,921.00",0.9866711497306824
323,4253_Payslip_Dec2022.pdf,What is EARNED C&C ALLOWANCE?,500.00,0.9996493458747864
324,4253_Payslip_Dec2022.pdf,What is INCENTIVE?,"1,800.00",0.1389916092157364
325,4253_Payslip_Dec2022.pdf,What is PROVIDENT FUND?,"1,800.00",0.9992203116416931
326,4253_Payslip_Dec2022.pdf,What is INCOME TAX?,"42,479.00",0.997978925704956
327,4253_Payslip_Dec2022.pdf,What is PROFESSION TAX?,200.00,0.9998399019241333
328,4253_Payslip_Dec2022.pdf,What is GROSS EARNINGS?,"258,936.00",0.9996947050094604
329,4253_Payslip_Dec2022.pdf,What is GROSS DEDUCTIONS?,"44,479.00",0.9992423057556152
330,4253_Payslip_Feb2023.pdf,What is EARNED BASIC PAY?,"130,368.00",0.9993515610694885
331,4253_Payslip_Feb2023.pdf,What is EARNED HRA?,"52,147.00",0.9986618757247925
332,4253_Payslip_Feb2023.pdf,What is EARNED SPECIAL ALLOWANCE?,"75,921.00",0.9867910742759705
333,4253_Payslip_Feb2023.pdf,What is EARNED C&C ALLOWANCE?,500.00,0.9998104572296143
334,4253_Payslip_Feb2023.pdf,What is INCENTIVE?,"84,853.00",0.9983327388763428
335,4253_Payslip_Feb2023.pdf,What is PROVIDENT FUND?,"1,800.00",0.9994188547134399
336,4253_Payslip_Feb2023.pdf,What is INCOME TAX?,"68,953.00",0.9997063279151917
337,4253_Payslip_Feb2023.pdf,What is PROFESSION TAX?,200.00,0.9998425245285034
338,4253_Payslip_Feb2023.pdf,What is GROSS EARNINGS?,"343,789.00",0.9996035099029541
339,4253_Payslip_Feb2023.pdf,What is GROSS DEDUCTIONS?,"68,953.00",0.998605489730835
340,4253_Payslip_Jan2023.pdf,What is EARNED BASIC PAY?,"130,368.00",0.9995155930519104
341,4253_Payslip_Jan2023.pdf,What is EARNED HRA?,"52,147.00",0.9991433024406433
342,4253_Payslip_Jan2023.pdf,What is EARNED SPECIAL ALLOWANCE?,"75,921.00",0.9871971607208252
343,4253_Payslip_Jan2023.pdf,What is EARNED C&C ALLOWANCE?,500.00,0.9998515844345093
344,4253_Payslip_Jan2023.pdf,What is INCENTIVE?,"1,800.00",0.5301790833473206
345,4253_Payslip_Jan2023.pdf,What is PROVIDENT FUND?,"1,800.00",0.9996042251586914
346,4253_Payslip_Jan2023.pdf,What is INCOME TAX?,"42,478.00",0.9995301365852356
347,4253_Payslip_Jan2023.pdf,What is PROFESSION TAX?,200.00,0.9999186992645264
348,4253_Payslip_Jan2023.pdf,What is GROSS EARNINGS?,"258,936.00",0.9962278604507446
349,4253_Payslip_Jan2023.pdf,What is GROSS DEDUCTIONS?,"42,478.00",0.625058650970459
350,4253_Payslip_Jul2022.pdf,What is EARNED BASIC PAY?,"130,368.00",0.9952482581138611
351,4253_Payslip_Jul2022.pdf,What is EARNED HRA?,"52,147.00",0.8903096914291382
352,4253_Payslip_Jul2022.pdf,What is EARNED SPECIAL ALLOWANCE?,"75,921.00",0.9990200400352478
353,4253_Payslip_Jul2022.pdf,What is EARNED C&C ALLOWANCE?,500.00,0.9997004866600037
354,4253_Payslip_Jul2022.pdf,What is INCENTIVE?,"1,800.00",0.013960796408355236
355,4253_Payslip_Jul2022.pdf,What is PROVIDENT FUND?,"1,800.00",0.9997352957725525
356,4253_Payslip_Jul2022.pdf,What is INCOME TAX?,"198,478.00",0.9872713685035706
357,4253_Payslip_Jul2022.pdf,What is PROFESSION TAX?,200.00,0.9998674392700195
358,4253_Payslip_Jul2022.pdf,What is GROSS EARNINGS?,"758,936.00",0.614799439907074
359,4253_Payslip_Jul2022.pdf,What is GROSS DEDUCTIONS?,"198,478.00",0.6818870306015015
360,4253_Payslip_Jun2022.pdf,What is EARNED BASIC PAY?,"199,032.00",0.9997037053108215
361,4253_Payslip_Jun2022.pdf,What is EARNED HRA?,"79,613.00",0.9992372393608093
362,4253_Payslip_Jun2022.pdf,What is EARNED SPECIAL ALLOWANCE?,"117,121.00",0.9997820854187012
363,4253_Payslip_Jun2022.pdf,What is EARNED C&C ALLOWANCE?,500.00,0.9848454594612122
364,4253_Payslip_Jun2022.pdf,What is INCENTIVE?,500.00,0.39027345180511475
365,4253_Payslip_Jun2022.pdf,What is PROVIDENT FUND?,"1,800.00",0.9970971345901489
366,4253_Payslip_Jun2022.pdf,What is INCOME TAX?,"83,802.00",0.9996323585510254
367,4253_Payslip_Jun2022.pdf,What is PROFESSION TAX?,200.00,0.9998040795326233
368,4253_Payslip_Jun2022.pdf,What is GROSS EARNINGS?,"459,362.00",0.9992808103561401
369,4253_Payslip_Jun2022.pdf,What is GROSS DEDUCTIONS?,"83,802.00",0.9968643188476562
370,4253_Payslip_Mar2023.pdf,What is EARNED BASIC PAY?,"130,368.00",0.9994894862174988
371,4253_Payslip_Mar2023.pdf,What is EARNED HRA?,"52,147.00",0.9971650242805481
372,4253_Payslip_Mar2023.pdf,What is EARNED SPECIAL ALLOWANCE?,"75,921.00",0.9881556630134583
373,4253_Payslip_Mar2023.pdf,What is EARNED C&C ALLOWANCE?,500.00,0.999775767326355
374,4253_Payslip_Mar2023.pdf,What is INCENTIVE?,"1,800.00",0.5582355260848999
375,4253_Payslip_Mar2023.pdf,What is PROVIDENT FUND?,"1,800.00",0.9997653961181641
376,4253_Payslip_Mar2023.pdf,What is INCOME TAX?,"42,478.00",0.9992978572845459
377,4253_Payslip_Mar2023.pdf,What is PROFESSION TAX?,200.00,0.9999188184738159
378,4253_Payslip_Mar2023.pdf,What is GROSS EARNINGS?,"258,936.00",0.9979375004768372
379,4253_Payslip_Mar2023.pdf,What is GROSS DEDUCTIONS?,"44,478.00",0.3180542290210724
380,4253_Payslip_May2022.pdf,What is EARNED BASIC PAY?,"96,036.00",0.995785653591156
381,4253_Payslip_May2022.pdf,What is EARNED HRA?,"38,414.00",0.9878257513046265
382,4253_Payslip_May2022.pdf,What is EARNED SPECIAL ALLOWANCE?,"55,321.00",0.9928019046783447
383,4253_Payslip_May2022.pdf,What is EARNED C&C ALLOWANCE?,500.00,0.9984195232391357
384,4253_Payslip_May2022.pdf,What is INCENTIVE?,"60,416.00",0.934650719165802
385,4253_Payslip_May2022.pdf,What is PROVIDENT FUND?,"1,800.00",0.9993938207626343
386,4253_Payslip_May2022.pdf,What is INCOME TAX?,"37,557.00",0.9853293299674988
387,4253_Payslip_May2022.pdf,What is PROFESSION TAX?,200.00,0.9998165369033813
388,4253_Payslip_May2022.pdf,What is GROSS EARNINGS?,"250,687.00",0.991058886051178
389,4253_Payslip_May2022.pdf,What is GROSS DEDUCTIONS?,"39,557.00",0.9989963173866272
390,4253_Payslip_Nov2022.pdf,What is EARNED BASIC PAY?,"130,368.00",0.9724171757698059
391,4253_Payslip_Nov2022.pdf,What is EARNED HRA?,"52,147.00",0.9986934661865234
392,4253_Payslip_Nov2022.pdf,What is EARNED SPECIAL ALLOWANCE?,"75,921.00",0.9941989183425903
393,4253_Payslip_Nov2022.pdf,What is EARNED C&C ALLOWANCE?,500.00,0.9992364048957825
394,4253_Payslip_Nov2022.pdf,What is INCENTIVE?,"84,198.00",0.9996747374534607
395,4253_Payslip_Nov2022.pdf,What is PROVIDENT FUND?,"1,800.00",0.9996845126152039
396,4253_Payslip_Nov2022.pdf,What is INCOME TAX?,"68,747.00",0.9991205930709839
397,4253_Payslip_Nov2022.pdf,What is PROFESSION TAX?,200.00,0.9995803236961365
398,4253_Payslip_Nov2022.pdf,What is GROSS EARNINGS?,"343,134.00",0.9848555326461792
399,4253_Payslip_Nov2022.pdf,What is GROSS DEDUCTIONS?,"70,747.00",0.4599987864494324
400,4253_Payslip_Oct2022.pdf,What is EARNED BASIC PAY?,"130,368.00",0.9959593415260315
401,4253_Payslip_Oct2022.pdf,What is EARNED HRA?,"52,147.00",0.9977015256881714
402,4253_Payslip_Oct2022.pdf,What is EARNED SPECIAL ALLOWANCE?,"75,921.00",0.9971731901168823
403,4253_Payslip_Oct2022.pdf,What is EARNED C&C ALLOWANCE?,500.00,0.9996711611747742
404,4253_Payslip_Oct2022.pdf,What is INCENTIVE?,"1,800.00",0.048115409910678864
405,4253_Payslip_Oct2022.pdf,What is PROVIDENT FUND?,"1,800.00",0.9987316727638245
406,4253_Payslip_Oct2022.pdf,What is INCOME TAX?,"42,478.00",0.9958173036575317
407,4253_Payslip_Oct2022.pdf,What is PROFESSION TAX?,200.00,0.9997922778129578
408,4253_Payslip_Oct2022.pdf,What is GROSS EARNINGS?,"258,936.00",0.9991493821144104
409,4253_Payslip_Oct2022.pdf,What is GROSS DEDUCTIONS?,"44,478.00",0.9989809393882751
410,4253_Payslip_Sep2022.pdf,What is EARNED BASIC PAY?,"130,368.00",0.9927804470062256
411,4253_Payslip_Sep2022.pdf,What is EARNED HRA?,"52,147.00",0.9985649585723877
412,4253_Payslip_Sep2022.pdf,What is EARNED SPECIAL ALLOWANCE?,"75,921.00",0.9916777014732361
413,4253_Payslip_Sep2022.pdf,What is EARNED C&C ALLOWANCE?,500.00,0.9997161626815796
414,4253_Payslip_Sep2022.pdf,What is INCENTIVE?,"1,800.00",0.023648206144571304
415,4253_Payslip_Sep2022.pdf,What is PROVIDENT FUND?,"1,800.00",0.9988716244697571
416,4253_Payslip_Sep2022.pdf,What is INCOME TAX?,"42,478.00",0.9918802976608276
417,4253_Payslip_Sep2022.pdf,What is PROFESSION TAX?,200.00,0.9996519088745117
418,4253_Payslip_Sep2022.pdf,What is GROSS EARNINGS?,"258,936.00",0.9996033906936646
419,4253_Payslip_Sep2022.pdf,What is GROSS DEDUCTIONS?,"44,478.00",0.9995912909507751
420,4253_Payslip_Apr2023.pdf,What is EARNED BASIC PAY?,"130,368.00",0.999525249004364
421,4253_Payslip_Apr2023.pdf,What is EARNED HRA?,"52,147.00",0.9973282814025879
422,4253_Payslip_Apr2023.pdf,What is EARNED SPECIAL ALLOWANCE?,"59,877.00",0.9926731586456299
423,4253_Payslip_Apr2023.pdf,What is EARNED C&C ALLOWANCE?,500.00,0.9993798732757568
424,4253_Payslip_Apr2023.pdf,What is INCENTIVE?,"15,644.00",0.051652953028678894
425,4253_Payslip_Apr2023.pdf,What is PROVIDENT FUND?,"15,644.00",0.999681293964386
426,4253_Payslip_Apr2023.pdf,What is INCOME TAX?,"36,700.00",0.999836802482605
427,4253_Payslip_Apr2023.pdf,What is PROFESSION TAX?,200.00,0.999622106552124
428,4253_Payslip_Apr2023.pdf,What is GROSS EARNINGS?,"242,892.00",0.9991851449012756
429,4253_Payslip_Apr2023.pdf,What is GROSS DEDUCTIONS?,"52,544.00",0.9997230172157288
430,4253_Payslip_Aug2023.pdf,What is EARNED BASIC PAY?,"162,960.00",0.8012751340866089
431,4253_Payslip_Aug2023.pdf,What is EARNED HRA?,"65,184.00",0.9995304942131042
432,4253_Payslip_Aug2023.pdf,What is EARNED SPECIAL ALLOWANCE?,"75,521.00",0.9974130392074585
433,4253_Payslip_Aug2023.pdf,What is EARNED C&C ALLOWANCE?,500.00,0.9997075796127319
434,4253_Payslip_Aug2023.pdf,What is INCENTIVE?,"110,080.00",0.999477744102478
435,4253_Payslip_Aug2023.pdf,What is PROVIDENT FUND?,"19,555.00",0.999477207660675
436,4253_Payslip_Aug2023.pdf,What is INCOME TAX?,"91,111.00",0.9999145269393921
437,4253_Payslip_Aug2023.pdf,What is PROFESSION TAX?,200.00,0.999887228012085
438,4253_Payslip_Aug2023.pdf,What is GROSS EARNINGS?,"414,245.00",0.9989699125289917
439,4253_Payslip_Aug2023.pdf,What is GROSS DEDUCTIONS?,"110,866.00",0.999736487865448
440,4253_Payslip_Jul2023.pdf,What is EARNED BASIC PAY?,"260,736.00",0.9992130398750305
441,4253_Payslip_Jul2023.pdf,What is EARNED HRA?,"104,295.00",0.9988021850585938
442,4253_Payslip_Jul2023.pdf,What is EARNED SPECIAL ALLOWANCE?,"122,453.00",0.9979458451271057
443,4253_Payslip_Jul2023.pdf,What is EARNED C&C ALLOWANCE?,"122,453.00",0.8838404417037964
444,4253_Payslip_Jul2023.pdf,What is INCENTIVE?,2023,0.10329577326774597
445,4253_Payslip_Jul2023.pdf,What is PROVIDENT FUND?,"31,288.00",0.4837929904460907
446,4253_Payslip_Jul2023.pdf,What is INCOME TAX?,"56,766.00",0.9995775818824768
447,4253_Payslip_Jul2023.pdf,What is PROFESSION TAX?,200.00,0.9988448619842529
448,4253_Payslip_Jul2023.pdf,What is GROSS EARNINGS?,"487,984.00",0.9917458891868591
449,4253_Payslip_Jul2023.pdf,What is GROSS DEDUCTIONS?,"260,340.00",0.9978971481323242
450,4253_Payslip_Jun2023.pdf,What is EARNED BASIC PAY?,"130,368.00",0.999286949634552
451,4253_Payslip_Jun2023.pdf,What is EARNED HRA?,"52,147.00",0.9979512691497803
452,4253_Payslip_Jun2023.pdf,What is EARNED SPECIAL ALLOWANCE?,"59,877.00",0.9976869225502014
453,4253_Payslip_Jun2023.pdf,What is EARNED C&C ALLOWANCE?,500.00,0.9991677403450012
454,4253_Payslip_Jun2023.pdf,What is INCENTIVE?,"122,611.00",0.9962654113769531
455,4253_Payslip_Jun2023.pdf,What is PROVIDENT FUND?,"15,644.00",0.9983015656471252
456,4253_Payslip_Jun2023.pdf,What is INCOME TAX?,"74,954.00",0.9999372959136963
457,4253_Payslip_Jun2023.pdf,What is PROFESSION TAX?,200.00,0.999596357345581
458,4253_Payslip_Jun2023.pdf,What is GROSS EARNINGS?,"365,503.00",0.9983513951301575
459,4253_Payslip_Jun2023.pdf,What is GROSS DEDUCTIONS?,"90,798.00",0.9996552467346191
460,4253_Payslip_May2023.pdf,What is EARNED BASIC PAY?,"130,368.00",0.7922133803367615
461,4253_Payslip_May2023.pdf,What is EARNED HRA?,"52,147.00",0.9988858699798584
462,4253_Payslip_May2023.pdf,What is EARNED SPECIAL ALLOWANCE?,"59,877.00",0.9991887211799622
463,4253_Payslip_May2023.pdf,What is EARNED C&C ALLOWANCE?,500.00,0.9992566108703613
464,4253_Payslip_May2023.pdf,What is INCENTIVE?,"86,019.00",0.9936345815658569
465,4253_Payslip_May2023.pdf,What is PROVIDENT FUND?,"15,644.00",0.9991680979728699
466,4253_Payslip_May2023.pdf,What is INCOME TAX?,"63,538.00",0.9997915029525757
467,4253_Payslip_May2023.pdf,What is PROFESSION TAX?,200.00,0.999737560749054
468,4253_Payslip_May2023.pdf,What is GROSS EARNINGS?,"328,911.00",0.8789851069450378
469,4253_Payslip_May2023.pdf,What is GROSS DEDUCTIONS?,"79,382.00",0.9997953772544861
470,4253_Payslip_Sep2023.pdf,What is EARNED BASIC PAY?,"162,960.00",0.5920895934104919
471,4253_Payslip_Sep2023.pdf,What is EARNED HRA?,"65,184.00",0.9997124075889587
472,4253_Payslip_Sep2023.pdf,What is EARNED SPECIAL ALLOWANCE?,"75,521.00",0.9954626560211182
473,4253_Payslip_Sep2023.pdf,What is EARNED C&C ALLOWANCE?,500.00,0.9992380738258362
474,4253_Payslip_Sep2023.pdf,What is INCENTIVE?,"162,960.00",0.03296941518783569
475,4253_Payslip_Sep2023.pdf,What is PROVIDENT FUND?,"19,555.00",0.9887318015098572
476,4253_Payslip_Sep2023.pdf,What is INCOME TAX?,"56,766.00",0.9965532422065735
477,4253_Payslip_Sep2023.pdf,What is PROFESSION TAX?,200.00,0.9994533658027649
478,4253_Payslip_Sep2023.pdf,What is GROSS EARNINGS?,"304,165.00",0.9997527003288269
479,4253_Payslip_Sep2023.pdf,What is GROSS DEDUCTIONS?,"76,521.00",0.9997435212135315
